ward_id,elderly_pct,outdoor_worker_pct,slum_density_pct,green_cover_pct
GHMC_W001,47.0,58.0,23.0,24.0
GHMC_W002,64.0,81.0,36.0,8.0
GHMC_W003,31.0,49.0,49.0,27.0
GHMC_W004,48.0,72.0,17.0,11.0
GHMC_W005,65.0,40.0,30.0,30.0
GHMC_W006,32.0,63.0,43.0,14.0
GHMC_W007,49.0,86.0,11.0,33.0
GHMC_W008,66.0,54.0,24.0,17.0
GHMC_W009,33.0,77.0,37.0,36.0
GHMC_W010,50.0,45.0,50.0,20.0
GHMC_W011,67.0,68.0,18.0,39.0
GHMC_W012,34.0,36.0,31.0,23.0
GHMC_W013,51.0,59.0,44.0,7.0
GHMC_W014,68.0,82.0,12.0,26.0
GHMC_W015,35.0,50.0,25.0,10.0
GHMC_W016,52.0,73.0,38.0,29.0
GHMC_W017,69.0,41.0,51.0,13.0
GHMC_W018,36.0,64.0,19.0,32.0
GHMC_W019,53.0,87.0,32.0,16.0
GHMC_W020,70.0,55.0,45.0,35.0
GHMC_W021,37.0,78.0,13.0,19.0
GHMC_W022,54.0,46.0,26.0,38.0
GHMC_W023,71.0,69.0,39.0,22.0
GHMC_W024,38.0,37.0,52.0,6.0
GHMC_W025,55.0,60.0,20.0,25.0
GHMC_W026,72.0,83.0,33.0,9.0
GHMC_W027,39.0,51.0,46.0,28.0
GHMC_W028,56.0,74.0,14.0,12.0
GHMC_W029,73.0,42.0,27.0,31.0
GHMC_W030,40.0,65.0,40.0,15.0
GHMC_W031,57.0,88.0,53.0,34.0
GHMC_W032,74.0,56.0,21.0,18.0
GHMC_W033,41.0,79.0,34.0,37.0
GHMC_W034,58.0,47.0,47.0,21.0
GHMC_W035,75.0,70.0,15.0,5.0
GHMC_W036,42.0,38.0,28.0,24.0
GHMC_W037,59.0,61.0,41.0,8.0
GHMC_W038,76.0,84.0,54.0,27.0
GHMC_W039,43.0,52.0,22.0,11.0
GHMC_W040,60.0,75.0,35.0,30.0
GHMC_W041,77.0,43.0,48.0,14.0
GHMC_W042,44.0,66.0,16.0,33.0
GHMC_W043,61.0,89.0,29.0,17.0
GHMC_W044,78.0,57.0,42.0,36.0
GHMC_W045,45.0,80.0,10.0,20.0
GHMC_W046,62.0,48.0,23.0,39.0
GHMC_W047,79.0,71.0,36.0,23.0
GHMC_W048,46.0,39.0,49.0,7.0
GHMC_W049,63.0,62.0,17.0,26.0
GHMC_W050,30.0,85.0,30.0,10.0
GHMC_W051,47.0,53.0,43.0,29.0
GHMC_W052,64.0,76.0,11.0,13.0
GHMC_W053,31.0,44.0,24.0,32.0
GHMC_W054,48.0,67.0,37.0,16.0
GHMC_W055,65.0,35.0,50.0,35.0
GHMC_W056,32.0,58.0,18.0,19.0
GHMC_W057,49.0,81.0,31.0,38.0
GHMC_W058,66.0,49.0,44.0,22.0
GHMC_W059,33.0,72.0,12.0,6.0
GHMC_W060,50.0,40.0,25.0,25.0
GHMC_W061,67.0,63.0,38.0,9.0
GHMC_W062,34.0,86.0,51.0,28.0
GHMC_W063,51.0,54.0,19.0,12.0
GHMC_W064,68.0,77.0,32.0,31.0
GHMC_W065,35.0,45.0,45.0,15.0
GHMC_W066,52.0,68.0,13.0,34.0
GHMC_W067,69.0,36.0,26.0,18.0
GHMC_W068,36.0,59.0,39.0,37.0
GHMC_W069,53.0,82.0,52.0,21.0
GHMC_W070,70.0,50.0,20.0,5.0
GHMC_W071,37.0,73.0,33.0,24.0
GHMC_W072,54.0,41.0,46.0,8.0
GHMC_W073,71.0,64.0,14.0,27.0
GHMC_W074,38.0,87.0,27.0,11.0
GHMC_W075,55.0,55.0,40.0,30.0
GHMC_W076,72.0,78.0,53.0,14.0
GHMC_W077,39.0,46.0,21.0,33.0
GHMC_W078,56.0,69.0,34.0,17.0
GHMC_W079,73.0,37.0,47.0,36.0
GHMC_W080,40.0,60.0,15.0,20.0
GHMC_W081,57.0,83.0,28.0,39.0
GHMC_W082,74.0,51.0,41.0,23.0
GHMC_W083,41.0,74.0,54.0,7.0
GHMC_W084,58.0,42.0,22.0,26.0
GHMC_W085,75.0,65.0,35.0,10.0
GHMC_W086,42.0,88.0,48.0,29.0
GHMC_W087,59.0,56.0,16.0,13.0
GHMC_W088,76.0,79.0,29.0,32.0
GHMC_W089,43.0,47.0,42.0,16.0
GHMC_W090,60.0,70.0,10.0,35.0
GHMC_W091,77.0,38.0,23.0,19.0
GHMC_W092,44.0,61.0,36.0,38.0
GHMC_W093,61.0,84.0,49.0,22.0
GHMC_W094,78.0,52.0,17.0,6.0
GHMC_W095,45.0,75.0,30.0,25.0
GHMC_W096,62.0,43.0,43.0,9.0
GHMC_W097,79.0,66.0,11.0,28.0
GHMC_W098,46.0,89.0,24.0,12.0
GHMC_W099,63.0,57.0,37.0,31.0
GHMC_W100,30.0,80.0,50.0,15.0
GHMC_W101,47.0,48.0,18.0,34.0
GHMC_W102,64.0,71.0,31.0,18.0
GHMC_W103,31.0,39.0,44.0,37.0
GHMC_W104,48.0,62.0,12.0,21.0
GHMC_W105,65.0,85.0,25.0,5.0
GHMC_W106,32.0,53.0,38.0,24.0
GHMC_W107,49.0,76.0,51.0,8.0
GHMC_W108,66.0,44.0,19.0,27.0
GHMC_W109,33.0,67.0,32.0,11.0
GHMC_W110,50.0,35.0,45.0,30.0
GHMC_W111,67.0,58.0,13.0,14.0
GHMC_W112,34.0,81.0,26.0,33.0
GHMC_W113,51.0,49.0,39.0,17.0
GHMC_W114,68.0,72.0,52.0,36.0
GHMC_W115,35.0,40.0,20.0,20.0
GHMC_W116,52.0,63.0,33.0,39.0
GHMC_W117,69.0,86.0,46.0,23.0
GHMC_W118,36.0,54.0,14.0,7.0
GHMC_W119,53.0,77.0,27.0,26.0
GHMC_W120,70.0,45.0,40.0,10.0
GHMC_W121,37.0,68.0,53.0,29.0
GHMC_W122,54.0,36.0,21.0,13.0
GHMC_W123,71.0,59.0,34.0,32.0
GHMC_W124,38.0,82.0,47.0,16.0
GHMC_W125,55.0,50.0,15.0,35.0
GHMC_W126,72.0,73.0,28.0,19.0
GHMC_W127,39.0,41.0,41.0,38.0
GHMC_W128,56.0,64.0,54.0,22.0
GHMC_W129,73.0,87.0,22.0,6.0
GHMC_W130,40.0,55.0,35.0,25.0
GHMC_W131,57.0,78.0,48.0,9.0
GHMC_W132,74.0,46.0,16.0,28.0
GHMC_W133,41.0,69.0,29.0,12.0
GHMC_W134,58.0,37.0,42.0,31.0
GHMC_W135,75.0,60.0,10.0,15.0
GHMC_W136,42.0,83.0,23.0,34.0
GHMC_W137,59.0,51.0,36.0,18.0
GHMC_W138,76.0,74.0,49.0,37.0
GHMC_W139,43.0,42.0,17.0,21.0
GHMC_W140,60.0,65.0,30.0,5.0
GHMC_W141,77.0,88.0,43.0,24.0
GHMC_W142,44.0,56.0,11.0,8.0
GHMC_W143,61.0,79.0,24.0,27.0
GHMC_W144,78.0,47.0,37.0,11.0
GHMC_W145,45.0,70.0,50.0,30.0
GHMC_W146,62.0,38.0,18.0,14.0
GHMC_W147,79.0,61.0,31.0,33.0
GHMC_W148,46.0,84.0,44.0,17.0
GHMC_W149,63.0,52.0,12.0,36.0
GHMC_W150,30.0,75.0,25.0,20.0
GHMC_W151,47.0,43.0,38.0,39.0
GHMC_W152,64.0,66.0,51.0,23.0
GHMC_W153,31.0,89.0,19.0,7.0
GHMC_W154,48.0,57.0,32.0,26.0
GHMC_W155,65.0,80.0,45.0,10.0
