ward_id,valid_time_utc,forecast_day,forecast_issued_at_utc,thermal_stress_mean,vulnerability_0_100,mortality_risk_0_100,hospitalization_risk_0_100,mortality_risk_level,hospitalization_risk_level,mortality_drivers,hospitalization_drivers,is_synthetic,source_type,model_version,quality_flag
GHMC_W001,2026-05-10 23:00:00+00:00,1,,68.42375,61.59,0.0002460444599727829,47.71366251292155,low,moderate,"thermal_stress_mean,thermal_stress_max,vulnerability_0_100","thermal_stress_max,thermal_stress_mean,doy_sin",True,synthetic_demo,baseline_poisson_v1_2,RADIATION_APPROXIMATED|FORECAST_DAY_APPROXIMATED
GHMC_W001,2026-05-11 23:00:00+00:00,2,,69.97208333333333,61.59,1.9725061806141753e-06,60.35631260902656,low,high,"thermal_stress_mean,thermal_stress_max,vulnerability_0_100","thermal_stress_max,thermal_stress_mean,doy_sin",True,synthetic_demo,baseline_poisson_v1_2,RADIATION_APPROXIMATED|FORECAST_DAY_APPROXIMATED
GHMC_W001,2026-05-12 23:00:00+00:00,3,,69.92708333333333,61.59,2.2809414579327836e-06,63.86880978526002,low,high,"thermal_stress_mean,thermal_stress_max,vulnerability_0_100","thermal_stress_max,thermal_stress_mean,doy_cos",True,synthetic_demo,baseline_poisson_v1_2,RADIATION_APPROXIMATED|FORECAST_DAY_APPROXIMATED
GHMC_W001,2026-05-13 23:00:00+00:00,4,,68.28708333333334,61.59,0.0003825240603938518,57.83409195671361,low,high,"thermal_stress_mean,thermal_stress_max,vulnerability_0_100","thermal_stress_max,thermal_stress_mean,doy_cos",True,synthetic_demo,baseline_poisson_v1_2,RADIATION_APPROXIMATED|FORECAST_DAY_APPROXIMATED
GHMC_W001,2026-05-14 23:00:00+00:00,5,,66.03125,61.59,0.5920317939781761,54.44471787798604,low,high,"thermal_stress_mean,thermal_stress_max,vulnerability_0_100","thermal_stress_max,thermal_stress_mean,doy_cos",True,synthetic_demo,baseline_poisson_v1_2,RADIATION_APPROXIMATED|FORECAST_DAY_APPROXIMATED
GHMC_W002,2026-05-10 23:00:00+00:00,1,,72.745,85.0,86.18768925682897,51.02133776168226,severe,high,"thermal_stress_mean,thermal_stress_max,vulnerability_0_100","thermal_stress_max,thermal_stress_mean,doy_sin",True,synthetic_demo,baseline_poisson_v1_2,RADIATION_APPROXIMATED|FORECAST_DAY_APPROXIMATED
GHMC_W002,2026-05-11 23:00:00+00:00,2,,74.23833333333333,85.0,1.5133518259910828,59.1763129207984,low,high,"thermal_stress_mean,thermal_stress_max,vulnerability_0_100","thermal_stress_max,thermal_stress_mean,doy_sin",True,synthetic_demo,baseline_poisson_v1_2,RADIATION_APPROXIMATED|FORECAST_DAY_APPROXIMATED
GHMC_W002,2026-05-12 23:00:00+00:00,3,,74.14874999999999,85.0,2.018361914190059,62.543364214610975,low,high,"thermal_stress_mean,thermal_stress_max,vulnerability_0_100","thermal_stress_max,thermal_stress_mean,doy_cos",True,synthetic_demo,baseline_poisson_v1_2,RADIATION_APPROXIMATED|FORECAST_DAY_APPROXIMATED
GHMC_W002,2026-05-13 23:00:00+00:00,4,,72.54333333333334,85.0,97.77080714898112,61.14422216117475,severe,high,"thermal_stress_mean,thermal_stress_max,vulnerability_0_100","thermal_stress_max,thermal_stress_mean,doy_cos",True,synthetic_demo,baseline_poisson_v1_2,RADIATION_APPROXIMATED|FORECAST_DAY_APPROXIMATED
GHMC_W002,2026-05-14 23:00:00+00:00,5,,70.2825,85.0,100.0,57.6969461031576,severe,high,"thermal_stress_mean,thermal_stress_max,vulnerability_0_100","thermal_stress_max,thermal_stress_mean,doy_cos",True,synthetic_demo,baseline_poisson_v1_2,RADIATION_APPROXIMATED|FORECAST_DAY_APPROXIMATED
HYD_PAIR_DRY,2026-05-10 14:00:00+00:00,1,,61.96,,,,unknown,unknown,,,True,synthetic_demo,baseline_poisson_v1_2,NO_VULNERABILITY_MATCH|RADIATION_APPROXIMATED|WARD_ID_UNMATCHED|FORECAST_DAY_APPROXIMATED|INSUFFICIENT_DATA_FOR_PREDICTION
HYD_PAIR_HUMID,2026-05-10 14:00:00+00:00,1,,100.0,,,,unknown,unknown,,,True,synthetic_demo,baseline_poisson_v1_2,NO_VULNERABILITY_MATCH|RADIATION_APPROXIMATED|WARD_ID_UNMATCHED|FORECAST_DAY_APPROXIMATED|INSUFFICIENT_DATA_FOR_PREDICTION
