ward_id,timestamp_utc,temperature_c,relative_humidity_pct,wind_speed_ms,solar_radiation_wm2,wbgt_c,utci_c,heat_index_c,thermal_stress_0_100,thermal_risk_level,quality_flag,method_version
HYD_W001,2026-05-10T00:00:00Z,29.87,67.92,1.2,0.0,26.57,31.8,34.25,42.49,high,RADIATION_APPROXIMATED,stage1_v1_0
HYD_W001,2026-05-10T01:00:00Z,29.4,70.35,1.4,0.0,26.38,31.3,33.69,40.75,high,RADIATION_APPROXIMATED,stage1_v1_0
HYD_W001,2026-05-10T02:00:00Z,29.35,71.27,1.6,0.0,26.43,31.2,33.77,40.84,high,RADIATION_APPROXIMATED,stage1_v1_0
HYD_W001,2026-05-10T03:00:00Z,29.72,70.62,1.8,0.0,26.72,31.4,34.51,42.59,high,RADIATION_APPROXIMATED,stage1_v1_0
HYD_W001,2026-05-10T04:00:00Z,30.48,68.45,2.0,0.0,27.2,32.0,35.82,46.01,high,RADIATION_APPROXIMATED,stage1_v1_0
HYD_W001,2026-05-10T05:00:00Z,31.58,64.93,1.2,0.0,27.84,33.8,37.56,52.21,high,RADIATION_APPROXIMATED,stage1_v1_0
HYD_W001,2026-05-10T06:00:00Z,32.95,60.29,1.4,0.0,28.57,34.9,39.49,57.7,high,RADIATION_APPROXIMATED,stage1_v1_0
HYD_W001,2026-05-10T07:00:00Z,34.49,54.88,1.6,220.0,30.26,38.9,41.37,72.43,very_high,RADIATION_APPROXIMATED,stage1_v1_0
HYD_W001,2026-05-10T08:00:00Z,36.11,49.05,1.8,425.0,31.77,42.6,42.99,84.58,extreme,RADIATION_APPROXIMATED,stage1_v1_0
HYD_W001,2026-05-10T09:00:00Z,37.68,43.23,2.47,601.04,33.3,46.1,44.18,96.48,extreme,RADIATION_APPROXIMATED,stage1_v1_0
HYD_W001,2026-05-10T10:00:00Z,39.1,37.81,2.1,736.12,35.24,50.5,44.9,100.0,extreme,RADIATION_APPROXIMATED,stage1_v1_0
HYD_W001,2026-05-10T11:00:00Z,40.28,33.17,2.67,821.04,35.62,52.2,45.21,100.0,extreme,RADIATION_APPROXIMATED,stage1_v1_0
HYD_W001,2026-05-10T12:00:00Z,41.13,29.64,3.16,850.0,35.61,53.0,45.22,100.0,extreme,RADIATION_APPROXIMATED,stage1_v1_0
HYD_W001,2026-05-10T13:00:00Z,41.6,27.46,3.54,821.04,35.28,52.8,45.05,100.0,extreme,RADIATION_APPROXIMATED,stage1_v1_0
HYD_W001,2026-05-10T14:00:00Z,41.65,26.8,3.8,736.12,30.82,42.2,44.82,79.34,very_high,RADIATION_APPROXIMATED,stage1_v1_0
HYD_W001,2026-05-10T15:00:00Z,41.28,27.7,2.94,601.04,30.71,41.9,44.55,78.45,very_high,RADIATION_APPROXIMATED,stage1_v1_0
HYD_W001,2026-05-10T16:00:00Z,40.52,30.12,2.96,425.0,30.6,41.1,44.22,76.87,very_high,RADIATION_APPROXIMATED,stage1_v1_0
HYD_W001,2026-05-10T17:00:00Z,39.42,33.88,2.87,220.0,30.41,39.9,43.72,74.43,very_high,RADIATION_APPROXIMATED,stage1_v1_0
HYD_W001,2026-05-10T18:00:00Z,38.05,38.76,2.7,0.0,30.1,38.6,42.98,71.27,very_high,RADIATION_APPROXIMATED,stage1_v1_0
HYD_W001,2026-05-10T19:00:00Z,36.51,44.41,2.47,0.0,29.66,37.2,41.94,66.95,very_high,RADIATION_APPROXIMATED,stage1_v1_0
HYD_W001,2026-05-10T20:00:00Z,34.89,50.47,1.2,0.0,29.08,36.4,40.6,62.74,very_high,RADIATION_APPROXIMATED,stage1_v1_0
HYD_W001,2026-05-10T21:00:00Z,33.32,56.53,1.4,0.0,28.45,35.0,39.08,57.24,high,RADIATION_APPROXIMATED,stage1_v1_0
HYD_W001,2026-05-10T22:00:00Z,31.9,62.18,1.6,0.0,27.82,33.6,37.5,51.77,high,RADIATION_APPROXIMATED,stage1_v1_0
HYD_W001,2026-05-10T23:00:00Z,30.72,67.04,1.8,0.0,27.27,32.4,36.04,47.03,high,RADIATION_APPROXIMATED,stage1_v1_0
HYD_W001,2026-05-11T00:00:00Z,29.87,70.79,2.0,0.0,26.88,31.5,34.91,43.56,high,RADIATION_APPROXIMATED,stage1_v1_0
HYD_W001,2026-05-11T01:00:00Z,29.4,73.18,1.2,0.0,26.69,31.8,34.3,43.1,high,RADIATION_APPROXIMATED,stage1_v1_0
HYD_W001,2026-05-11T02:00:00Z,29.35,74.05,1.4,0.0,26.73,31.6,34.37,42.99,high,RADIATION_APPROXIMATED,stage1_v1_0
HYD_W001,2026-05-11T03:00:00Z,29.72,73.35,1.6,0.0,27.01,31.9,35.14,44.9,high,RADIATION_APPROXIMATED,stage1_v1_0
HYD_W001,2026-05-11T04:00:00Z,30.48,71.13,1.8,0.0,27.5,32.6,36.54,48.49,high,RADIATION_APPROXIMATED,stage1_v1_0
HYD_W001,2026-05-11T05:00:00Z,31.58,67.56,2.0,0.0,28.14,33.5,38.39,53.22,high,RADIATION_APPROXIMATED,stage1_v1_0
HYD_W001,2026-05-11T06:00:00Z,32.95,62.87,1.2,0.0,28.89,35.4,40.44,60.09,very_high,RADIATION_APPROXIMATED,stage1_v1_0
HYD_W001,2026-05-11T07:00:00Z,34.49,57.39,1.4,220.0,30.62,39.4,42.41,74.87,very_high,RADIATION_APPROXIMATED,stage1_v1_0
HYD_W001,2026-05-11T08:00:00Z,36.11,51.5,1.6,425.0,32.17,43.0,44.11,87.11,extreme,RADIATION_APPROXIMATED,stage1_v1_0
HYD_W001,2026-05-11T09:00:00Z,37.68,45.61,2.27,601.04,33.72,46.5,45.35,98.61,extreme,RADIATION_APPROXIMATED,stage1_v1_0
HYD_W001,2026-05-11T10:00:00Z,39.1,40.12,2.9,736.12,35.36,50.0,46.08,100.0,extreme,RADIATION_APPROXIMATED,stage1_v1_0
HYD_W001,2026-05-11T11:00:00Z,40.28,35.41,2.47,821.04,36.11,52.6,46.38,100.0,extreme,RADIATION_APPROXIMATED,stage1_v1_0
HYD_W001,2026-05-11T12:00:00Z,41.13,31.81,2.96,850.0,36.11,53.3,46.35,100.0,extreme,RADIATION_APPROXIMATED,stage1_v1_0
HYD_W001,2026-05-11T13:00:00Z,41.6,29.56,3.34,821.04,35.78,53.1,46.14,100.0,extreme,RADIATION_APPROXIMATED,stage1_v1_0
HYD_W001,2026-05-11T14:00:00Z,41.65,28.82,3.6,736.12,31.26,42.3,45.85,81.68,extreme,RADIATION_APPROXIMATED,stage1_v1_0
HYD_W001,2026-05-11T15:00:00Z,41.28,29.64,3.74,601.04,31.13,41.9,45.52,80.52,extreme,RADIATION_APPROXIMATED,stage1_v1_0
HYD_W001,2026-05-11T16:00:00Z,40.52,31.97,2.76,425.0,30.97,41.3,45.12,78.98,very_high,RADIATION_APPROXIMATED,stage1_v1_0
HYD_W001,2026-05-11T17:00:00Z,39.42,35.65,2.67,220.0,30.74,40.1,44.56,76.31,very_high,RADIATION_APPROXIMATED,stage1_v1_0
HYD_W001,2026-05-11T18:00:00Z,38.05,40.44,2.5,0.0,30.38,38.8,43.74,72.92,very_high,RADIATION_APPROXIMATED,stage1_v1_0
HYD_W001,2026-05-11T19:00:00Z,36.51,46.01,2.27,0.0,29.9,37.5,42.63,68.65,very_high,RADIATION_APPROXIMATED,stage1_v1_0
HYD_W001,2026-05-11T20:00:00Z,34.89,51.98,2.0,0.0,29.29,36.2,41.2,63.44,very_high,RADIATION_APPROXIMATED,stage1_v1_0
HYD_W001,2026-05-11T21:00:00Z,33.32,57.94,1.2,0.0,28.63,35.3,39.58,58.63,high,RADIATION_APPROXIMATED,stage1_v1_0
HYD_W001,2026-05-11T22:00:00Z,31.9,63.5,1.4,0.0,27.98,33.9,37.92,53.05,high,RADIATION_APPROXIMATED,stage1_v1_0
HYD_W001,2026-05-11T23:00:00Z,30.72,68.26,1.6,0.0,27.41,32.7,36.37,48.21,high,RADIATION_APPROXIMATED,stage1_v1_0
HYD_W001,2026-05-12T00:00:00Z,29.87,71.92,1.8,0.0,27.0,31.8,35.18,44.68,high,RADIATION_APPROXIMATED,stage1_v1_0
HYD_W001,2026-05-12T01:00:00Z,29.4,74.21,2.0,0.0,26.8,31.2,34.53,42.65,high,RADIATION_APPROXIMATED,stage1_v1_0
HYD_W001,2026-05-12T02:00:00Z,29.35,74.98,1.2,0.0,26.83,31.9,34.57,43.99,high,RADIATION_APPROXIMATED,stage1_v1_0
HYD_W001,2026-05-12T03:00:00Z,29.72,74.18,1.4,0.0,27.1,32.2,35.34,45.84,high,RADIATION_APPROXIMATED,stage1_v1_0
HYD_W001,2026-05-12T04:00:00Z,30.48,71.87,1.6,0.0,27.58,32.8,36.75,49.23,high,RADIATION_APPROXIMATED,stage1_v1_0
HYD_W001,2026-05-12T05:00:00Z,31.58,68.19,1.8,0.0,28.22,33.8,38.6,54.08,high,RADIATION_APPROXIMATED,stage1_v1_0
HYD_W001,2026-05-12T06:00:00Z,32.95,63.4,2.0,0.0,28.95,34.9,40.64,59.58,high,RADIATION_APPROXIMATED,stage1_v1_0
HYD_W001,2026-05-12T07:00:00Z,34.49,57.82,1.2,220.0,30.73,39.5,42.6,75.5,very_high,RADIATION_APPROXIMATED,stage1_v1_0
HYD_W001,2026-05-12T08:00:00Z,36.11,51.83,1.4,425.0,32.29,43.2,44.27,87.94,extreme,RADIATION_APPROXIMATED,stage1_v1_0
HYD_W001,2026-05-12T09:00:00Z,37.68,45.83,2.07,601.04,33.82,46.7,45.46,99.09,extreme,RADIATION_APPROXIMATED,stage1_v1_0
HYD_W001,2026-05-12T10:00:00Z,39.1,40.24,2.7,736.12,35.44,50.2,46.14,100.0,extreme,RADIATION_APPROXIMATED,stage1_v1_0
HYD_W001,2026-05-12T11:00:00Z,40.28,35.43,3.27,821.04,35.87,51.9,46.39,100.0,extreme,RADIATION_APPROXIMATED,stage1_v1_0
HYD_W001,2026-05-12T12:00:00Z,41.13,31.72,2.76,850.0,36.15,53.4,46.3,100.0,extreme,RADIATION_APPROXIMATED,stage1_v1_0
HYD_W001,2026-05-12T13:00:00Z,41.6,29.36,3.14,821.04,35.79,53.2,46.04,100.0,extreme,RADIATION_APPROXIMATED,stage1_v1_0
HYD_W001,2026-05-12T14:00:00Z,41.65,28.52,3.4,736.12,31.2,42.4,45.7,81.48,extreme,RADIATION_APPROXIMATED,stage1_v1_0
HYD_W001,2026-05-12T15:00:00Z,41.28,29.24,3.54,601.04,31.04,41.9,45.32,80.1,extreme,RADIATION_APPROXIMATED,stage1_v1_0
HYD_W001,2026-05-12T16:00:00Z,40.52,31.47,3.56,425.0,30.87,41.0,44.87,78.11,very_high,RADIATION_APPROXIMATED,stage1_v1_0
HYD_W001,2026-05-12T17:00:00Z,39.42,35.05,2.47,220.0,30.63,40.2,44.27,75.89,very_high,RADIATION_APPROXIMATED,stage1_v1_0
HYD_W001,2026-05-12T18:00:00Z,38.05,39.73,2.3,0.0,30.27,38.9,43.41,72.45,very_high,RADIATION_APPROXIMATED,stage1_v1_0
HYD_W001,2026-05-12T19:00:00Z,36.51,45.2,2.07,0.0,29.78,37.5,42.27,68.05,very_high,RADIATION_APPROXIMATED,stage1_v1_0
HYD_W001,2026-05-12T20:00:00Z,34.89,51.07,1.8,0.0,29.16,36.2,40.83,62.82,very_high,RADIATION_APPROXIMATED,stage1_v1_0
HYD_W001,2026-05-12T21:00:00Z,33.32,56.94,2.0,0.0,28.5,34.6,39.22,56.83,high,RADIATION_APPROXIMATED,stage1_v1_0
HYD_W001,2026-05-12T22:00:00Z,31.9,62.39,1.2,0.0,27.85,33.9,37.57,52.4,high,RADIATION_APPROXIMATED,stage1_v1_0
HYD_W001,2026-05-12T23:00:00Z,30.72,67.06,1.4,0.0,27.27,32.7,36.04,47.54,high,RADIATION_APPROXIMATED,stage1_v1_0
HYD_W001,2026-05-13T00:00:00Z,29.87,70.62,1.6,0.0,26.86,31.8,34.87,43.97,high,RADIATION_APPROXIMATED,stage1_v1_0
HYD_W001,2026-05-13T01:00:00Z,29.4,72.82,1.8,0.0,26.65,31.2,34.22,41.91,high,RADIATION_APPROXIMATED,stage1_v1_0
HYD_W001,2026-05-13T02:00:00Z,29.35,73.5,2.0,0.0,26.67,31.0,34.25,41.7,high,RADIATION_APPROXIMATED,stage1_v1_0
HYD_W001,2026-05-13T03:00:00Z,29.72,72.61,1.2,0.0,26.93,32.1,34.97,44.83,high,RADIATION_APPROXIMATED,stage1_v1_0
HYD_W001,2026-05-13T04:00:00Z,30.48,70.2,1.4,0.0,27.4,32.8,36.29,48.31,high,RADIATION_APPROXIMATED,stage1_v1_0
HYD_W001,2026-05-13T05:00:00Z,31.58,66.44,1.6,0.0,28.02,33.7,38.03,52.92,high,RADIATION_APPROXIMATED,stage1_v1_0
HYD_W001,2026-05-13T06:00:00Z,32.95,61.56,1.8,0.0,28.73,34.8,39.95,58.3,high,RADIATION_APPROXIMATED,stage1_v1_0
HYD_W001,2026-05-13T07:00:00Z,34.49,55.9,2.0,220.0,30.34,38.7,41.78,72.55,very_high,RADIATION_APPROXIMATED,stage1_v1_0
HYD_W001,2026-05-13T08:00:00Z,36.11,49.83,1.2,425.0,32.09,43.1,43.34,86.83,extreme,RADIATION_APPROXIMATED,stage1_v1_0
HYD_W001,2026-05-13T09:00:00Z,37.68,43.76,1.87,601.04,33.57,46.6,44.43,97.84,extreme,RADIATION_APPROXIMATED,stage1_v1_0
HYD_W001,2026-05-13T10:00:00Z,39.1,38.09,2.5,736.12,35.14,50.2,45.04,100.0,extreme,RADIATION_APPROXIMATED,stage1_v1_0
HYD_W001,2026-05-13T11:00:00Z,40.28,33.2,3.07,821.04,35.5,51.9,45.23,100.0,extreme,RADIATION_APPROXIMATED,stage1_v1_0
HYD_W001,2026-05-13T12:00:00Z,41.13,29.42,3.56,850.0,35.46,52.7,45.1,100.0,extreme,RADIATION_APPROXIMATED,stage1_v1_0
HYD_W001,2026-05-13T13:00:00Z,41.6,27.0,2.94,821.04,35.33,53.2,44.82,100.0,extreme,RADIATION_APPROXIMATED,stage1_v1_0
HYD_W001,2026-05-13T14:00:00Z,41.65,26.09,3.2,736.12,30.66,42.3,44.47,78.66,very_high,RADIATION_APPROXIMATED,stage1_v1_0
HYD_W001,2026-05-13T15:00:00Z,41.28,26.74,3.34,601.04,30.5,41.8,44.09,77.27,very_high,RADIATION_APPROXIMATED,stage1_v1_0
HYD_W001,2026-05-13T16:00:00Z,40.52,28.91,3.36,425.0,30.35,40.9,43.65,75.37,very_high,RADIATION_APPROXIMATED,stage1_v1_0
HYD_W001,2026-05-13T17:00:00Z,39.42,32.43,3.27,220.0,30.14,39.7,43.06,72.81,very_high,RADIATION_APPROXIMATED,stage1_v1_0
HYD_W001,2026-05-13T18:00:00Z,38.05,37.06,2.1,0.0,29.81,38.7,42.24,69.95,very_high,RADIATION_APPROXIMATED,stage1_v1_0
HYD_W001,2026-05-13T19:00:00Z,36.51,42.48,1.87,0.0,29.36,37.3,41.14,65.64,very_high,RADIATION_APPROXIMATED,stage1_v1_0
HYD_W001,2026-05-13T20:00:00Z,34.89,48.3,1.6,0.0,28.78,36.0,39.77,60.57,very_high,RADIATION_APPROXIMATED,stage1_v1_0
HYD_W001,2026-05-13T21:00:00Z,33.32,54.12,1.8,0.0,28.14,34.4,38.25,54.71,high,RADIATION_APPROXIMATED,stage1_v1_0
HYD_W001,2026-05-13T22:00:00Z,31.9,59.53,2.0,0.0,27.51,33.0,36.7,49.19,high,RADIATION_APPROXIMATED,stage1_v1_0
HYD_W001,2026-05-13T23:00:00Z,30.72,64.16,1.2,0.0,26.95,32.5,35.28,45.56,high,RADIATION_APPROXIMATED,stage1_v1_0
HYD_W001,2026-05-14T00:00:00Z,29.87,67.69,1.4,0.0,26.54,31.6,34.19,42.03,high,RADIATION_APPROXIMATED,stage1_v1_0
HYD_W001,2026-05-14T01:00:00Z,29.4,69.85,1.6,0.0,26.33,31.1,33.59,40.15,high,RADIATION_APPROXIMATED,stage1_v1_0
HYD_W001,2026-05-14T02:00:00Z,29.35,70.5,1.8,0.0,26.35,30.9,33.61,39.93,moderate,RADIATION_APPROXIMATED,stage1_v1_0
HYD_W001,2026-05-14T03:00:00Z,29.72,69.59,2.0,0.0,26.61,31.1,34.27,41.53,high,RADIATION_APPROXIMATED,stage1_v1_0
HYD_W001,2026-05-14T04:00:00Z,30.48,67.16,1.2,0.0,27.06,32.5,35.49,46.13,high,RADIATION_APPROXIMATED,stage1_v1_0
HYD_W001,2026-05-14T05:00:00Z,31.58,63.37,1.4,0.0,27.66,33.4,37.09,50.64,high,RADIATION_APPROXIMATED,stage1_v1_0
HYD_W001,2026-05-14T06:00:00Z,32.95,58.48,1.6,0.0,28.35,34.6,38.86,56.09,high,RADIATION_APPROXIMATED,stage1_v1_0
HYD_W001,2026-05-14T07:00:00Z,34.49,52.8,1.8,220.0,29.95,38.5,40.54,70.4,very_high,RADIATION_APPROXIMATED,stage1_v1_0
HYD_W001,2026-05-14T08:00:00Z,36.11,46.72,2.0,425.0,31.38,42.2,41.98,82.15,extreme,RADIATION_APPROXIMATED,stage1_v1_0
HYD_W001,2026-05-14T09:00:00Z,37.68,40.64,1.67,601.04,33.15,46.5,42.98,95.77,extreme,RADIATION_APPROXIMATED,stage1_v1_0
HYD_W001,2026-05-14T10:00:00Z,39.1,34.97,2.3,736.12,34.66,50.1,43.54,100.0,extreme,RADIATION_APPROXIMATED,stage1_v1_0
HYD_W001,2026-05-14T11:00:00Z,40.28,30.09,2.87,821.04,34.94,51.8,43.73,100.0,extreme,RADIATION_APPROXIMATED,stage1_v1_0
HYD_W001,2026-05-14T12:00:00Z,41.13,26.31,3.36,850.0,34.83,52.7,43.61,100.0,extreme,RADIATION_APPROXIMATED,stage1_v1_0
HYD_W001,2026-05-14T13:00:00Z,41.6,23.9,3.74,821.04,34.42,52.5,43.36,100.0,extreme,RADIATION_APPROXIMATED,stage1_v1_0
HYD_W001,2026-05-14T14:00:00Z,41.65,22.99,3.0,736.12,29.93,42.1,43.04,74.77,very_high,RADIATION_APPROXIMATED,stage1_v1_0
HYD_W001,2026-05-14T15:00:00Z,41.28,23.66,3.14,601.04,29.8,41.6,42.71,73.48,very_high,RADIATION_APPROXIMATED,stage1_v1_0
HYD_W001,2026-05-14T16:00:00Z,40.52,25.85,3.16,425.0,29.69,40.8,42.31,71.95,very_high,RADIATION_APPROXIMATED,stage1_v1_0
HYD_W001,2026-05-14T17:00:00Z,39.42,29.4,3.07,220.0,29.54,39.6,41.78,69.71,very_high,RADIATION_APPROXIMATED,stage1_v1_0
HYD_W001,2026-05-14T18:00:00Z,38.05,34.05,2.9,0.0,29.28,38.1,41.01,66.55,very_high,RADIATION_APPROXIMATED,stage1_v1_0
HYD_W001,2026-05-14T19:00:00Z,36.51,39.5,1.67,0.0,28.89,37.2,40.0,63.13,very_high,RADIATION_APPROXIMATED,stage1_v1_0
HYD_W001,2026-05-14T20:00:00Z,34.89,45.35,1.4,0.0,28.36,35.8,38.72,58.14,high,RADIATION_APPROXIMATED,stage1_v1_0
HYD_W001,2026-05-14T21:00:00Z,33.32,51.2,1.6,0.0,27.76,34.3,37.31,52.64,high,RADIATION_APPROXIMATED,stage1_v1_0
HYD_W001,2026-05-14T22:00:00Z,31.9,56.65,1.8,0.0,27.16,32.8,35.88,47.12,high,RADIATION_APPROXIMATED,stage1_v1_0
HYD_W001,2026-05-14T23:00:00Z,30.72,61.33,2.0,0.0,26.62,31.6,34.58,42.44,high,RADIATION_APPROXIMATED,stage1_v1_0
HYD_W002,2026-05-10T00:00:00Z,30.67,67.92,1.2,0.0,27.32,32.9,36.15,48.12,high,RADIATION_APPROXIMATED,stage1_v1_0
HYD_W002,2026-05-10T01:00:00Z,30.2,70.35,1.4,0.0,27.15,32.4,35.62,46.4,high,RADIATION_APPROXIMATED,stage1_v1_0
HYD_W002,2026-05-10T02:00:00Z,30.15,71.27,1.6,0.0,27.2,32.3,35.73,46.49,high,RADIATION_APPROXIMATED,stage1_v1_0
HYD_W002,2026-05-10T03:00:00Z,30.52,70.62,1.8,0.0,27.48,32.5,36.51,48.24,high,RADIATION_APPROXIMATED,stage1_v1_0
HYD_W002,2026-05-10T04:00:00Z,31.28,68.45,2.0,0.0,27.96,33.2,37.87,51.81,high,RADIATION_APPROXIMATED,stage1_v1_0
HYD_W002,2026-05-10T05:00:00Z,32.38,64.93,1.2,0.0,28.6,34.9,39.65,57.81,high,RADIATION_APPROXIMATED,stage1_v1_0
HYD_W002,2026-05-10T06:00:00Z,33.75,60.29,1.4,0.0,29.32,36.1,41.61,63.42,very_high,RADIATION_APPROXIMATED,stage1_v1_0
HYD_W002,2026-05-10T07:00:00Z,35.29,54.88,1.6,220.0,30.99,40.0,43.47,77.45,very_high,RADIATION_APPROXIMATED,stage1_v1_0
HYD_W002,2026-05-10T08:00:00Z,36.91,49.05,1.8,425.0,32.48,43.6,45.06,89.39,extreme,RADIATION_APPROXIMATED,stage1_v1_0
HYD_W002,2026-05-10T09:00:00Z,38.48,43.23,2.47,601.04,33.99,47.1,46.17,99.96,extreme,RADIATION_APPROXIMATED,stage1_v1_0
HYD_W002,2026-05-10T10:00:00Z,39.9,37.81,2.1,736.12,35.92,51.5,46.78,100.0,extreme,RADIATION_APPROXIMATED,stage1_v1_0
HYD_W002,2026-05-10T11:00:00Z,41.08,33.17,2.67,821.04,36.28,53.2,46.98,100.0,extreme,RADIATION_APPROXIMATED,stage1_v1_0
HYD_W002,2026-05-10T12:00:00Z,41.93,29.64,3.16,850.0,36.26,54.0,46.88,100.0,extreme,RADIATION_APPROXIMATED,stage1_v1_0
HYD_W002,2026-05-10T13:00:00Z,42.4,27.46,3.54,821.04,35.92,53.9,46.64,100.0,extreme,RADIATION_APPROXIMATED,stage1_v1_0
HYD_W002,2026-05-10T14:00:00Z,42.45,26.8,3.8,736.12,31.47,43.3,46.38,83.97,extreme,RADIATION_APPROXIMATED,stage1_v1_0
HYD_W002,2026-05-10T15:00:00Z,42.08,27.7,2.94,601.04,31.37,43.0,46.13,83.09,extreme,RADIATION_APPROXIMATED,stage1_v1_0
HYD_W002,2026-05-10T16:00:00Z,41.32,30.12,2.96,425.0,31.26,42.1,45.86,81.44,extreme,RADIATION_APPROXIMATED,stage1_v1_0
HYD_W002,2026-05-10T17:00:00Z,40.22,33.88,2.87,220.0,31.09,41.0,45.44,79.19,very_high,RADIATION_APPROXIMATED,stage1_v1_0
HYD_W002,2026-05-10T18:00:00Z,38.85,38.76,2.7,0.0,30.8,39.6,44.79,75.98,very_high,RADIATION_APPROXIMATED,stage1_v1_0
HYD_W002,2026-05-10T19:00:00Z,37.31,44.41,2.47,0.0,30.37,38.3,43.84,72.2,very_high,RADIATION_APPROXIMATED,stage1_v1_0
HYD_W002,2026-05-10T20:00:00Z,35.69,50.47,1.2,0.0,29.8,37.5,42.56,68.19,very_high,RADIATION_APPROXIMATED,stage1_v1_0
HYD_W002,2026-05-10T21:00:00Z,34.12,56.53,1.4,0.0,29.18,36.1,41.08,62.75,very_high,RADIATION_APPROXIMATED,stage1_v1_0
HYD_W002,2026-05-10T22:00:00Z,32.7,62.18,1.6,0.0,28.57,34.7,39.52,57.34,high,RADIATION_APPROXIMATED,stage1_v1_0
HYD_W002,2026-05-10T23:00:00Z,31.52,67.04,1.8,0.0,28.03,33.5,38.07,52.64,high,RADIATION_APPROXIMATED,stage1_v1_0
HYD_W002,2026-05-11T00:00:00Z,30.67,70.79,2.0,0.0,27.64,32.6,36.95,49.21,high,RADIATION_APPROXIMATED,stage1_v1_0
HYD_W002,2026-05-11T01:00:00Z,30.2,73.18,1.2,0.0,27.45,32.9,36.36,48.77,high,RADIATION_APPROXIMATED,stage1_v1_0
HYD_W002,2026-05-11T02:00:00Z,30.15,74.05,1.4,0.0,27.5,32.8,36.46,48.84,high,RADIATION_APPROXIMATED,stage1_v1_0
HYD_W002,2026-05-11T03:00:00Z,30.52,73.35,1.6,0.0,27.78,33.1,37.28,50.73,high,RADIATION_APPROXIMATED,stage1_v1_0
HYD_W002,2026-05-11T04:00:00Z,31.28,71.13,1.8,0.0,28.26,33.7,38.72,54.14,high,RADIATION_APPROXIMATED,stage1_v1_0
HYD_W002,2026-05-11T05:00:00Z,32.38,67.56,2.0,0.0,28.9,34.7,40.61,59.01,high,RADIATION_APPROXIMATED,stage1_v1_0
HYD_W002,2026-05-11T06:00:00Z,33.75,62.87,1.2,0.0,29.63,36.6,42.68,65.84,very_high,RADIATION_APPROXIMATED,stage1_v1_0
HYD_W002,2026-05-11T07:00:00Z,35.29,57.39,1.4,220.0,31.36,40.5,44.64,79.91,very_high,RADIATION_APPROXIMATED,stage1_v1_0
HYD_W002,2026-05-11T08:00:00Z,36.91,51.5,1.6,425.0,32.89,44.1,46.3,92.07,extreme,RADIATION_APPROXIMATED,stage1_v1_0
HYD_W002,2026-05-11T09:00:00Z,38.48,45.61,2.27,601.04,34.42,47.5,47.45,100.0,extreme,RADIATION_APPROXIMATED,stage1_v1_0
HYD_W002,2026-05-11T10:00:00Z,39.9,40.12,2.9,736.12,36.05,51.1,48.08,100.0,extreme,RADIATION_APPROXIMATED,stage1_v1_0
HYD_W002,2026-05-11T11:00:00Z,41.08,35.41,2.47,821.04,36.78,53.6,48.26,100.0,extreme,RADIATION_APPROXIMATED,stage1_v1_0
HYD_W002,2026-05-11T12:00:00Z,41.93,31.81,2.96,850.0,36.76,54.3,48.12,100.0,extreme,RADIATION_APPROXIMATED,stage1_v1_0
HYD_W002,2026-05-11T13:00:00Z,42.4,29.56,3.34,821.04,36.43,54.1,47.84,100.0,extreme,RADIATION_APPROXIMATED,stage1_v1_0
HYD_W002,2026-05-11T14:00:00Z,42.45,28.82,3.6,736.12,31.92,43.4,47.52,86.34,extreme,RADIATION_APPROXIMATED,stage1_v1_0
HYD_W002,2026-05-11T15:00:00Z,42.08,29.64,3.74,601.04,31.79,42.9,47.2,85.08,extreme,RADIATION_APPROXIMATED,stage1_v1_0
HYD_W002,2026-05-11T16:00:00Z,41.32,31.97,2.76,425.0,31.64,42.3,46.85,83.58,extreme,RADIATION_APPROXIMATED,stage1_v1_0
HYD_W002,2026-05-11T17:00:00Z,40.22,35.65,2.67,220.0,31.42,41.2,46.37,81.1,extreme,RADIATION_APPROXIMATED,stage1_v1_0
HYD_W002,2026-05-11T18:00:00Z,38.85,40.44,2.5,0.0,31.08,39.9,45.64,77.77,very_high,RADIATION_APPROXIMATED,stage1_v1_0
HYD_W002,2026-05-11T19:00:00Z,37.31,46.01,2.27,0.0,30.61,38.6,44.6,73.8,very_high,RADIATION_APPROXIMATED,stage1_v1_0
HYD_W002,2026-05-11T20:00:00Z,35.69,51.98,2.0,0.0,30.01,37.3,43.23,68.9,very_high,RADIATION_APPROXIMATED,stage1_v1_0
HYD_W002,2026-05-11T21:00:00Z,34.12,57.94,1.2,0.0,29.36,36.4,41.65,64.16,very_high,RADIATION_APPROXIMATED,stage1_v1_0
HYD_W002,2026-05-11T22:00:00Z,32.7,63.5,1.4,0.0,28.73,35.0,40.0,58.63,high,RADIATION_APPROXIMATED,stage1_v1_0
HYD_W002,2026-05-11T23:00:00Z,31.52,68.26,1.6,0.0,28.17,33.8,38.46,53.84,high,RADIATION_APPROXIMATED,stage1_v1_0
HYD_W002,2026-05-12T00:00:00Z,30.67,71.92,1.8,0.0,27.77,32.9,37.28,50.33,high,RADIATION_APPROXIMATED,stage1_v1_0
HYD_W002,2026-05-12T01:00:00Z,30.2,74.21,2.0,0.0,27.57,32.4,36.64,48.5,high,RADIATION_APPROXIMATED,stage1_v1_0
HYD_W002,2026-05-12T02:00:00Z,30.15,74.98,1.2,0.0,27.6,33.0,36.71,49.67,high,RADIATION_APPROXIMATED,stage1_v1_0
HYD_W002,2026-05-12T03:00:00Z,30.52,74.18,1.4,0.0,27.87,33.3,37.52,51.52,high,RADIATION_APPROXIMATED,stage1_v1_0
HYD_W002,2026-05-12T04:00:00Z,31.28,71.87,1.6,0.0,28.34,34.0,38.97,55.06,high,RADIATION_APPROXIMATED,stage1_v1_0
HYD_W002,2026-05-12T05:00:00Z,32.38,68.19,1.8,0.0,28.97,34.9,40.85,59.71,high,RADIATION_APPROXIMATED,stage1_v1_0
HYD_W002,2026-05-12T06:00:00Z,33.75,63.4,2.0,0.0,29.7,36.1,42.91,65.33,very_high,RADIATION_APPROXIMATED,stage1_v1_0
HYD_W002,2026-05-12T07:00:00Z,35.29,57.82,1.2,220.0,31.46,40.6,44.85,80.55,extreme,RADIATION_APPROXIMATED,stage1_v1_0
HYD_W002,2026-05-12T08:00:00Z,36.91,51.83,1.4,425.0,33.0,44.2,46.48,92.77,extreme,RADIATION_APPROXIMATED,stage1_v1_0
HYD_W002,2026-05-12T09:00:00Z,38.48,45.83,2.07,601.04,34.52,47.7,47.58,100.0,extreme,RADIATION_APPROXIMATED,stage1_v1_0
HYD_W002,2026-05-12T10:00:00Z,39.9,40.24,2.7,736.12,36.13,51.3,48.15,100.0,extreme,RADIATION_APPROXIMATED,stage1_v1_0
HYD_W002,2026-05-12T11:00:00Z,41.08,35.43,3.27,821.04,36.54,53.0,48.27,100.0,extreme,RADIATION_APPROXIMATED,stage1_v1_0
HYD_W002,2026-05-12T12:00:00Z,41.93,31.72,2.76,850.0,36.81,54.4,48.07,100.0,extreme,RADIATION_APPROXIMATED,stage1_v1_0
HYD_W002,2026-05-12T13:00:00Z,42.4,29.36,3.14,821.04,36.44,54.2,47.72,100.0,extreme,RADIATION_APPROXIMATED,stage1_v1_0
HYD_W002,2026-05-12T14:00:00Z,42.45,28.52,3.4,736.12,31.85,43.4,47.34,86.01,extreme,RADIATION_APPROXIMATED,stage1_v1_0
HYD_W002,2026-05-12T15:00:00Z,42.08,29.24,3.54,601.04,31.7,42.9,46.97,84.65,extreme,RADIATION_APPROXIMATED,stage1_v1_0
HYD_W002,2026-05-12T16:00:00Z,41.32,31.47,3.56,425.0,31.54,42.1,46.58,82.82,extreme,RADIATION_APPROXIMATED,stage1_v1_0
HYD_W002,2026-05-12T17:00:00Z,40.22,35.05,2.47,220.0,31.31,41.2,46.05,80.54,extreme,RADIATION_APPROXIMATED,stage1_v1_0
HYD_W002,2026-05-12T18:00:00Z,38.85,39.73,2.3,0.0,30.96,39.9,45.28,77.18,very_high,RADIATION_APPROXIMATED,stage1_v1_0
HYD_W002,2026-05-12T19:00:00Z,37.31,45.2,2.07,0.0,30.49,38.6,44.21,73.18,very_high,RADIATION_APPROXIMATED,stage1_v1_0
HYD_W002,2026-05-12T20:00:00Z,35.69,51.07,1.8,0.0,29.89,37.3,42.82,68.28,very_high,RADIATION_APPROXIMATED,stage1_v1_0
HYD_W002,2026-05-12T21:00:00Z,34.12,56.94,2.0,0.0,29.24,35.7,41.24,62.35,very_high,RADIATION_APPROXIMATED,stage1_v1_0
HYD_W002,2026-05-12T22:00:00Z,32.7,62.39,1.2,0.0,28.59,35.0,39.6,57.97,high,RADIATION_APPROXIMATED,stage1_v1_0
HYD_W002,2026-05-12T23:00:00Z,31.52,67.06,1.4,0.0,28.03,33.8,38.07,53.15,high,RADIATION_APPROXIMATED,stage1_v1_0
HYD_W002,2026-05-13T00:00:00Z,30.67,70.62,1.6,0.0,27.62,32.9,36.9,49.62,high,RADIATION_APPROXIMATED,stage1_v1_0
HYD_W002,2026-05-13T01:00:00Z,30.2,72.82,1.8,0.0,27.42,32.4,36.26,47.74,high,RADIATION_APPROXIMATED,stage1_v1_0
HYD_W002,2026-05-13T02:00:00Z,30.15,73.5,2.0,0.0,27.44,32.2,36.31,47.54,high,RADIATION_APPROXIMATED,stage1_v1_0
HYD_W002,2026-05-13T03:00:00Z,30.52,72.61,1.2,0.0,27.7,33.3,37.07,50.66,high,RADIATION_APPROXIMATED,stage1_v1_0
HYD_W002,2026-05-13T04:00:00Z,31.28,70.2,1.4,0.0,28.16,33.9,38.42,53.96,high,RADIATION_APPROXIMATED,stage1_v1_0
HYD_W002,2026-05-13T05:00:00Z,32.38,66.44,1.6,0.0,28.77,34.8,40.2,58.53,high,RADIATION_APPROXIMATED,stage1_v1_0
HYD_W002,2026-05-13T06:00:00Z,33.75,61.56,1.8,0.0,29.47,36.0,42.13,64.03,very_high,RADIATION_APPROXIMATED,stage1_v1_0
HYD_W002,2026-05-13T07:00:00Z,35.29,55.9,2.0,220.0,31.07,39.8,43.94,77.58,very_high,RADIATION_APPROXIMATED,stage1_v1_0
HYD_W002,2026-05-13T08:00:00Z,36.91,49.83,1.2,425.0,32.8,44.1,45.45,91.64,extreme,RADIATION_APPROXIMATED,stage1_v1_0
HYD_W002,2026-05-13T09:00:00Z,38.48,43.76,1.87,601.04,34.26,47.6,46.45,100.0,extreme,RADIATION_APPROXIMATED,stage1_v1_0
HYD_W002,2026-05-13T10:00:00Z,39.9,38.09,2.5,736.12,35.82,51.2,46.94,100.0,extreme,RADIATION_APPROXIMATED,stage1_v1_0
HYD_W002,2026-05-13T11:00:00Z,41.08,33.2,3.07,821.04,36.16,52.9,47.0,100.0,extreme,RADIATION_APPROXIMATED,stage1_v1_0
HYD_W002,2026-05-13T12:00:00Z,41.93,29.42,3.56,850.0,36.11,53.7,46.76,100.0,extreme,RADIATION_APPROXIMATED,stage1_v1_0
HYD_W002,2026-05-13T13:00:00Z,42.4,27.0,2.94,821.04,35.97,54.2,46.39,100.0,extreme,RADIATION_APPROXIMATED,stage1_v1_0
HYD_W002,2026-05-13T14:00:00Z,42.45,26.09,3.2,736.12,31.31,43.3,46.0,83.15,extreme,RADIATION_APPROXIMATED,stage1_v1_0
HYD_W002,2026-05-13T15:00:00Z,42.08,26.74,3.34,601.04,31.15,42.8,45.62,81.77,extreme,RADIATION_APPROXIMATED,stage1_v1_0
HYD_W002,2026-05-13T16:00:00Z,41.32,28.91,3.36,425.0,31.01,41.9,45.23,79.91,very_high,RADIATION_APPROXIMATED,stage1_v1_0
HYD_W002,2026-05-13T17:00:00Z,40.22,32.43,3.27,220.0,30.81,40.7,44.72,77.42,very_high,RADIATION_APPROXIMATED,stage1_v1_0
HYD_W002,2026-05-13T18:00:00Z,38.85,37.06,2.1,0.0,30.5,39.8,43.97,74.76,very_high,RADIATION_APPROXIMATED,stage1_v1_0
HYD_W002,2026-05-13T19:00:00Z,37.31,42.48,1.87,0.0,30.06,38.4,42.96,70.82,very_high,RADIATION_APPROXIMATED,stage1_v1_0
HYD_W002,2026-05-13T20:00:00Z,35.69,48.3,1.6,0.0,29.5,37.0,41.64,65.83,very_high,RADIATION_APPROXIMATED,stage1_v1_0
HYD_W002,2026-05-13T21:00:00Z,34.12,54.12,1.8,0.0,28.87,35.5,40.14,60.19,very_high,RADIATION_APPROXIMATED,stage1_v1_0
HYD_W002,2026-05-13T22:00:00Z,32.7,59.53,2.0,0.0,28.25,34.1,38.6,54.74,high,RADIATION_APPROXIMATED,stage1_v1_0
HYD_W002,2026-05-13T23:00:00Z,31.52,64.16,1.2,0.0,27.7,33.6,37.18,51.15,high,RADIATION_APPROXIMATED,stage1_v1_0
HYD_W002,2026-05-14T00:00:00Z,30.67,67.69,1.4,0.0,27.3,32.7,36.09,47.65,high,RADIATION_APPROXIMATED,stage1_v1_0
HYD_W002,2026-05-14T01:00:00Z,30.2,69.85,1.6,0.0,27.09,32.2,35.49,45.79,high,RADIATION_APPROXIMATED,stage1_v1_0
HYD_W002,2026-05-14T02:00:00Z,30.15,70.5,1.8,0.0,27.11,32.0,35.53,45.57,high,RADIATION_APPROXIMATED,stage1_v1_0
HYD_W002,2026-05-14T03:00:00Z,30.52,69.59,2.0,0.0,27.37,32.2,36.23,47.17,high,RADIATION_APPROXIMATED,stage1_v1_0
HYD_W002,2026-05-14T04:00:00Z,31.28,67.16,1.2,0.0,27.82,33.6,37.48,51.74,high,RADIATION_APPROXIMATED,stage1_v1_0
HYD_W002,2026-05-14T05:00:00Z,32.38,63.37,1.4,0.0,28.41,34.6,39.11,56.39,high,RADIATION_APPROXIMATED,stage1_v1_0
HYD_W002,2026-05-14T06:00:00Z,33.75,58.48,1.6,0.0,29.09,35.7,40.89,61.62,very_high,RADIATION_APPROXIMATED,stage1_v1_0
HYD_W002,2026-05-14T07:00:00Z,35.29,52.8,1.8,220.0,30.68,39.6,42.55,75.39,very_high,RADIATION_APPROXIMATED,stage1_v1_0
HYD_W002,2026-05-14T08:00:00Z,36.91,46.72,2.0,425.0,32.09,43.2,43.93,86.93,extreme,RADIATION_APPROXIMATED,stage1_v1_0
HYD_W002,2026-05-14T09:00:00Z,38.48,40.64,1.67,601.04,33.84,47.4,44.85,99.2,extreme,RADIATION_APPROXIMATED,stage1_v1_0
HYD_W002,2026-05-14T10:00:00Z,39.9,34.97,2.3,736.12,35.32,51.1,45.29,100.0,extreme,RADIATION_APPROXIMATED,stage1_v1_0
HYD_W002,2026-05-14T11:00:00Z,41.08,30.09,2.87,821.04,35.6,52.8,45.34,100.0,extreme,RADIATION_APPROXIMATED,stage1_v1_0
HYD_W002,2026-05-14T12:00:00Z,41.93,26.31,3.36,850.0,35.47,53.6,45.11,100.0,extreme,RADIATION_APPROXIMATED,stage1_v1_0
HYD_W002,2026-05-14T13:00:00Z,42.4,23.9,3.74,821.04,35.05,53.5,44.77,100.0,extreme,RADIATION_APPROXIMATED,stage1_v1_0
HYD_W002,2026-05-14T14:00:00Z,42.45,22.99,3.0,736.12,30.56,43.1,44.42,79.19,very_high,RADIATION_APPROXIMATED,stage1_v1_0
HYD_W002,2026-05-14T15:00:00Z,42.08,23.66,3.14,601.04,30.43,42.7,44.09,78.04,very_high,RADIATION_APPROXIMATED,stage1_v1_0
HYD_W002,2026-05-14T16:00:00Z,41.32,25.85,3.16,425.0,30.34,41.8,43.75,76.43,very_high,RADIATION_APPROXIMATED,stage1_v1_0
HYD_W002,2026-05-14T17:00:00Z,40.22,29.4,3.07,220.0,30.2,40.6,43.29,74.27,very_high,RADIATION_APPROXIMATED,stage1_v1_0
HYD_W002,2026-05-14T18:00:00Z,38.85,34.05,2.9,0.0,29.96,39.2,42.61,71.3,very_high,RADIATION_APPROXIMATED,stage1_v1_0
HYD_W002,2026-05-14T19:00:00Z,37.31,39.5,1.67,0.0,29.59,38.2,41.68,68.18,very_high,RADIATION_APPROXIMATED,stage1_v1_0
HYD_W002,2026-05-14T20:00:00Z,35.69,45.35,1.4,0.0,29.07,36.8,40.45,63.36,very_high,RADIATION_APPROXIMATED,stage1_v1_0
HYD_W002,2026-05-14T21:00:00Z,34.12,51.2,1.6,0.0,28.49,35.3,39.08,57.93,high,RADIATION_APPROXIMATED,stage1_v1_0
HYD_W002,2026-05-14T22:00:00Z,32.7,56.65,1.8,0.0,27.89,33.9,37.66,52.63,high,RADIATION_APPROXIMATED,stage1_v1_0
HYD_W002,2026-05-14T23:00:00Z,31.52,61.33,2.0,0.0,27.37,32.7,36.35,48.0,high,RADIATION_APPROXIMATED,stage1_v1_0
HYD_PAIR_DRY,2026-05-10T14:00:00Z,40.0,20.0,1.5,850.0,27.89,40.0,39.38,61.96,very_high,RADIATION_APPROXIMATED,stage1_v1_0
HYD_PAIR_HUMID,2026-05-10T14:00:00Z,40.0,65.0,1.5,850.0,35.77,49.5,67.1,100.0,extreme,RADIATION_APPROXIMATED,stage1_v1_0
