ward_id,date,timestamp_utc,temperature_c,thermal_stress_mean,thermal_stress_max,heat_persistence_hours,doy_sin,doy_cos,vulnerability_0_100,quality_flag,daily_mortality,daily_hospitalizations,is_synthetic,source_type,synthetic_generation_version
GHMC_W001,2026-05-10,2026-05-10 23:00:00+00:00,35.5,68.42375,100.0,14.0,0.7865965660866021,-0.6174672802835514,61.59,RADIATION_APPROXIMATED,0.0,1.0,True,synthetic_demo,v1_1
GHMC_W001,2026-05-11,2026-05-11 23:00:00+00:00,35.5,69.97208333333333,100.0,15.0,0.7758587728069828,-0.6309066211876704,61.59,RADIATION_APPROXIMATED,0.0,1.0,True,synthetic_demo,v1_1
GHMC_W001,2026-05-12,2026-05-12 23:00:00+00:00,35.5,69.92708333333333,100.0,15.0,0.7648913904341226,-0.6441592666722685,61.59,RADIATION_APPROXIMATED,0.0,2.0,True,synthetic_demo,v1_1
GHMC_W001,2026-05-13,2026-05-13 23:00:00+00:00,35.5,68.28708333333334,100.0,14.0,0.753697664392914,-0.6572212950663319,61.59,RADIATION_APPROXIMATED,0.0,0.0,True,synthetic_demo,v1_1
GHMC_W001,2026-05-14,2026-05-14 23:00:00+00:00,35.5,66.03125,100.0,14.0,0.742280907086982,-0.6700888411055113,61.59,RADIATION_APPROXIMATED,0.0,3.0,True,synthetic_demo,v1_1
GHMC_W002,2026-05-10,2026-05-10 23:00:00+00:00,36.300000000000004,72.745,100.0,16.0,0.7865965660866021,-0.6174672802835514,85.0,RADIATION_APPROXIMATED,1.0,1.0,True,synthetic_demo,v1_1
GHMC_W002,2026-05-11,2026-05-11 23:00:00+00:00,36.300000000000004,74.23833333333333,100.0,16.0,0.7758587728069828,-0.6309066211876704,85.0,RADIATION_APPROXIMATED,0.0,0.0,True,synthetic_demo,v1_1
GHMC_W002,2026-05-12,2026-05-12 23:00:00+00:00,36.300000000000004,74.14874999999999,100.0,16.0,0.7648913904341226,-0.6441592666722685,85.0,RADIATION_APPROXIMATED,0.0,3.0,True,synthetic_demo,v1_1
GHMC_W002,2026-05-13,2026-05-13 23:00:00+00:00,36.300000000000004,72.54333333333334,100.0,16.0,0.753697664392914,-0.6572212950663319,85.0,RADIATION_APPROXIMATED,0.0,0.0,True,synthetic_demo,v1_1
GHMC_W002,2026-05-14,2026-05-14 23:00:00+00:00,36.300000000000004,70.2825,100.0,16.0,0.742280907086982,-0.6700888411055113,85.0,RADIATION_APPROXIMATED,0.0,1.0,True,synthetic_demo,v1_1
HYD_PAIR_DRY,2026-05-10,2026-05-10 14:00:00+00:00,40.0,61.96,61.96,1.0,0.7865965660866021,-0.6174672802835514,,NO_VULNERABILITY_MATCH|RADIATION_APPROXIMATED|WARD_ID_UNMATCHED|INSUFFICIENT_DATA_FOR_LABEL,,,True,synthetic_demo,v1_1
HYD_PAIR_HUMID,2026-05-10,2026-05-10 14:00:00+00:00,40.0,100.0,100.0,1.0,0.7865965660866021,-0.6174672802835514,,NO_VULNERABILITY_MATCH|RADIATION_APPROXIMATED|WARD_ID_UNMATCHED|INSUFFICIENT_DATA_FOR_LABEL,,,True,synthetic_demo,v1_1
